insight_type,label,count,example_ids,summary
discovery_problem,Music Discovery,307,"[""app_store:au:14192687115"", ""app_store:in:14215745749"", ""play_store:26d92a46-8b75-4493-b8e0-64fbf356026b"", ""play_store:068acde2-b4f1-4ab5-a905-f0f9a79602aa"", ""app_store:us:14238852478""]",307 reviews mention music discovery as discovery problem feedback.
discovery_problem,"Spotify, Love Spotify, Great",125,"[""app_store:ca:14205655352"", ""app_store:ca:14224976015"", ""play_store:4490778f-f53a-4e54-8f3b-b836983beb12"", ""play_store:6d062e13-da94-4c22-9800-8ae7ec1bb413"", ""play_store:eae1ef05-c2b2-4120-bcea-16261cb59f3e""]","125 reviews mention spotify, love spotify, great as discovery problem feedback."
discovery_problem,Playlists,48,"[""forum:7413809"", ""forum:7445551"", ""play_store:ad785995-c66c-4afd-83e1-59b6187dce5e"", ""forum:7493277"", ""forum:7494104""]",48 reviews mention playlists as discovery problem feedback.
discovery_problem,User Interface,42,"[""app_store:ca:14230616435"", ""app_store:us:14240789764"", ""play_store:0a02fc33-07dc-4360-82ef-fb01690aa61c"", ""play_store:dc8a1166-93c5-4133-8308-425588073d43"", ""play_store:c46baaa7-16f3-4d58-9228-acebaacf6b38""]",42 reviews mention user interface as discovery problem feedback.
discovery_problem,Algorithm Quality,30,"[""play_store:38fff2ec-b0bd-4b1d-a61c-8cd383b36c57"", ""play_store:8c53eee2-0ca7-412b-aece-5600aa602945"", ""app_store:ca:14241787117"", ""app_store:us:14245897590"", ""play_store:1fd90a5b-004a-4be9-931e-9e549d52c73c""]",30 reviews mention algorithm quality as discovery problem feedback.
discovery_problem,"Love, Love App, Love Spotify",23,"[""app_store:gb:14229612998"", ""app_store:us:14243046796"", ""play_store:7381703a-9ef3-43a3-a4c0-62c8d0435610"", ""play_store:1bc9895b-456e-4d47-948b-f3ef9ecdccf3"", ""play_store:46199943-f088-48c3-8624-bd3b39a86516""]","23 reviews mention love, love app, love spotify as discovery problem feedback."
discovery_problem,"Best, Best Music, Best App",16,"[""app_store:gb:14216765682"", ""app_store:in:14234666306"", ""play_store:1ccff7cb-354b-4838-943f-91690c6db26f"", ""play_store:a476edec-9791-46df-bbd5-d6be870bad05"", ""play_store:67d5e5ed-4d7b-4994-9a02-981c8a112f82""]","16 reviews mention best, best music, best app as discovery problem feedback."
discovery_problem,"Ads, Good Ads, Ads Ads",6,"[""play_store:24c031fd-b880-46f7-b6b4-b86253950be7"", ""play_store:1f69d57e-0970-4ac2-88a5-91e8dd72d6e3"", ""app_store:ca:14207909341"", ""play_store:896d2c1c-45aa-439b-a591-f4fcb9c7d64a"", ""play_store:cdf72683-6894-4dc9-97b1-341d20442be0""]","6 reviews mention ads, good ads, ads ads as discovery problem feedback."
discovery_problem,"Meet Requirements, Requirements, Meet",5,"[""forum:7434817"", ""forum:7436751"", ""forum:7527939"", ""forum:7541040"", ""forum:7550121""]","5 reviews mention meet requirements, requirements, meet as discovery problem feedback."
frustration,Music Discovery,840,"[""app_store:au:14186892190"", ""app_store:in:14190636049"", ""app_store:ca:14197653767"", ""app_store:in:14200406869"", ""app_store:ca:14214874124""]",840 reviews mention music discovery as frustration feedback.
frustration,"Spotify, Love Spotify, Great",449,"[""app_store:au:14210790690"", ""app_store:gb:14218531930"", ""app_store:gb:14220677730"", ""app_store:au:14222666165"", ""app_store:ca:14226902239""]","449 reviews mention spotify, love spotify, great as frustration feedback."
frustration,User Interface,431,"[""app_store:in:14184542410"", ""app_store:ca:14206284098"", ""play_store:41858ed6-4542-4a86-8d0b-0203df2d9fe9"", ""play_store:deb975d8-b1e3-49df-b2b3-04ee6c493a3f"", ""app_store:ca:14235349492""]",431 reviews mention user interface as frustration feedback.
frustration,Algorithm Quality,181,"[""app_store:in:14207618497"", ""app_store:ca:14247894002"", ""app_store:in:14248157382"", ""play_store:33660c87-394a-4bfa-89e5-d604f13c9528"", ""play_store:1ee49c58-37c1-4b51-85c8-499c6a58f1f5""]",181 reviews mention algorithm quality as frustration feedback.
frustration,"Love, Love App, Love Spotify",115,"[""play_store:ccf44c32-e648-4a7c-9575-c5315a87ea57"", ""play_store:9fb40be6-2c89-4662-a941-65c25956f6e3"", ""play_store:0c9785f6-3f04-4ae5-aa40-9c1e2a460214"", ""play_store:0dd227a6-dfbd-4a7f-a650-c48ee14b8edc"", ""app_store:au:14194696279""]","115 reviews mention love, love app, love spotify as frustration feedback."
frustration,Playlists,110,"[""forum:7450098"", ""forum:7450124"", ""forum:7456017"", ""forum:7456544"", ""forum:7456925""]",110 reviews mention playlists as frustration feedback.
frustration,"Best, Best Music, Best App",100,"[""play_store:9f4473cd-0515-4c51-96e9-09935355dc18"", ""app_store:au:14195737009"", ""app_store:in:14200682688"", ""app_store:in:14201130994"", ""app_store:gb:14228511703""]","100 reviews mention best, best music, best app as frustration feedback."
frustration,"Ads, Good Ads, Ads Ads",93,"[""app_store:in:14178499406"", ""play_store:6c8fb8b3-1ad5-493f-87a6-b1d949904fbb"", ""play_store:e8f16616-f031-41a3-96ca-e3525ab75d30"", ""play_store:b4e3e3a7-8a53-48a9-a15b-11a4afda68b7"", ""play_store:0dd47d9c-13a3-4e3c-b7f3-95934dddcf25""]","93 reviews mention ads, good ads, ads ads as frustration feedback."
frustration,"Meet Requirements, Requirements, Meet",29,"[""forum:7484759"", ""app_store:us:14243421123"", ""play_store:0c93f3cf-2a15-4d51-8088-8b811b1f5e37"", ""play_store:9eb09754-7261-4505-a854-e51141ec59e7"", ""play_store:8a9f8bbc-fc32-4b56-8615-0105434cc0f2""]","29 reviews mention meet requirements, requirements, meet as frustration feedback."
frustration,General Feedback,1,"[""play_store:f98c7a80-6d01-445b-8cc7-c317e38c88ad""]",1 reviews mention general feedback as frustration feedback.
listening_goal,Music Discovery,336,"[""play_store:1299c82e-1455-4868-a51b-0662e296a5cf"", ""play_store:7ac64898-b3ad-44c7-9019-fd0144040a41"", ""play_store:77970157-b8e5-4f28-a2f0-2d186b1a8de8"", ""play_store:e703b1ef-86a1-4385-adfc-4050a8d51afb"", ""play_store:8389f60a-b615-4166-be37-5e5b5235461b""]",336 reviews mention music discovery as listening goal feedback.
listening_goal,"Spotify, Love Spotify, Great",171,"[""play_store:06e39db6-0a94-4122-817d-b20d270e5868"", ""play_store:e65b0e03-50e6-4a14-aa1e-d510c56d7fc3"", ""play_store:2f76cbc2-f3af-4e47-af3f-fb162ee6406e"", ""play_store:2dd2239f-72ae-48e0-bed8-4e5f79b2a062"", ""play_store:95d6c3d9-c5c4-4393-96eb-7e31ff62e3f6""]","171 reviews mention spotify, love spotify, great as listening goal feedback."
listening_goal,User Interface,100,"[""play_store:1092d049-e152-49d8-9c0f-4be766c96fa5"", ""play_store:c456b7ea-413c-4e29-a11e-645043cba926"", ""play_store:7667306b-53bb-4291-b26e-1a9f6c56c21d"", ""play_store:e04dcce8-3519-4eca-92c1-d842850829c7"", ""play_store:4e286e94-41fd-42ef-b27f-12c24d89e255""]",100 reviews mention user interface as listening goal feedback.
listening_goal,Algorithm Quality,84,"[""play_store:511fee00-cef0-4b88-9015-ef1d2d45d923"", ""play_store:3e84336e-341b-4105-91b7-cffa19b1077e"", ""play_store:2df0722d-2fac-4123-a979-ffec807dc388"", ""play_store:388c2b81-3801-42ca-80c5-9dbfd58599fd"", ""play_store:4444266a-4da5-4d14-b306-8a8028fd3e2b""]",84 reviews mention algorithm quality as listening goal feedback.
listening_goal,"Best, Best Music, Best App",48,"[""play_store:31bc8b66-f9b7-482b-8046-8bab001163ce"", ""play_store:9d21339c-ddde-4992-a03c-52cea7cbacd9"", ""play_store:f270550d-260d-47a1-b094-e685c4cf9f72"", ""play_store:363b7c7f-056e-4a1f-b526-c51e71cbf003"", ""play_store:8711bb1a-b602-48e3-8ef7-b61c861956b3""]","48 reviews mention best, best music, best app as listening goal feedback."
listening_goal,"Love, Love App, Love Spotify",44,"[""play_store:3deeb843-c552-4a3e-916b-6d15a222ea71"", ""play_store:deb78522-e51f-4844-9f49-8c39708744f5"", ""play_store:c9dfeabc-adde-44cc-a444-4726ca233e4e"", ""play_store:d098719b-7602-4f24-9da2-a783adae22dc"", ""play_store:6d01b530-f95a-49cb-ad9b-914a8751c438""]","44 reviews mention love, love app, love spotify as listening goal feedback."
listening_goal,Playlists,36,"[""forum:7557892"", ""forum:7554102"", ""forum:7553631"", ""forum:7552880"", ""forum:7551873""]",36 reviews mention playlists as listening goal feedback.
listening_goal,"Ads, Good Ads, Ads Ads",30,"[""play_store:d89fb5d8-778d-4583-b1d6-d7f01d4cc2a6"", ""play_store:e3bd579c-407e-43ba-8c30-d69c471fd82d"", ""play_store:975c643e-2755-4a54-90a3-0af70df0047b"", ""app_store:us:14539635880"", ""play_store:4a7473ab-2b11-40af-9402-1f115c876b63""]","30 reviews mention ads, good ads, ads ads as listening goal feedback."
listening_goal,"Meet Requirements, Requirements, Meet",8,"[""forum:7556693"", ""forum:7547302"", ""forum:7540118"", ""forum:7532504"", ""forum:7507022""]","8 reviews mention meet requirements, requirements, meet as listening goal feedback."
opportunity,Discovery Parity for Free Tier,1435,"[""play_store:39f72de8-9db0-4944-aa4a-84e1e0e78dc8"", ""play_store:66ef4234-6e0a-41a6-a473-7c91c9721c9b"", ""play_store:622f3702-f8ce-4fca-bde8-5cec6129e050"", ""play_store:b54b0668-2b96-4ff6-bfc7-b6da4b15967e"", ""play_store:088e60ee-2aed-492b-9ec0-235c27c94954""]",Improve free-tier discovery quality so meaningful exploration is not perceived as gated behind Premium.
opportunity,Discovery Intent Onboarding,1007,"[""play_store:b4de1dfd-ef7a-4288-bd37-77cb4712fadf"", ""play_store:78bc48ef-5e42-4186-ab3d-5d42e8f0b520"", ""play_store:f66766f2-4de4-47ad-94f3-fdcf74c22ad9"", ""play_store:01a08cc8-56e3-4947-9eab-84fcede9206c"", ""play_store:cef50327-70fd-4c32-8f08-7e6ef29ce49f""]","Ask users what kind of discovery they want, then use that preference to shape recommendations and reduce irrelevant repeats."
opportunity,Repeat Fatigue Reset,801,"[""play_store:70aa0300-3f0e-4e5b-8aa3-13c0f07c580d"", ""play_store:6ba7ee57-4e73-434b-b3cb-6a8e9e90b278"", ""play_store:cfa92dd7-8e3c-4361-9d50-f414d23b4cab"", ""app_store:ca:14230519071"", ""app_store:au:14233039045""]","Add a reset action for users who feel their recommendations are stuck, temporarily down-weighting overplayed tracks and artists."
opportunity,Hidden Gem Discovery Mode,747,"[""app_store:in:14398170558"", ""play_store:b2e10a77-7344-4633-86cb-b2c7de4aa0f8"", ""play_store:578f6bfd-9c4c-4943-8d63-66dfc8791ae2"", ""app_store:au:14192687115"", ""play_store:6ec88d1b-2e64-47fe-b372-c57f172456dd""]","Create a dedicated mode for high-fit tracks from emerging artists, smaller catalogs, and songs outside the user's usual popularity band."
opportunity,Freshness Controls for Recommendations,505,"[""play_store:cfa92dd7-8e3c-4361-9d50-f414d23b4cab"", ""play_store:ae805ee7-9c29-4953-a2fe-6e7412753d9c"", ""play_store:cdc578d5-ab84-40ba-a0b5-ca022a37e261"", ""play_store:61655ff9-9df8-472e-8dfa-007b3bbfe112"", ""play_store:7a91610b-13e9-4b41-b18d-8d8eab903b3c""]","Let users tune how much fresh, unfamiliar music appears in recommendations so discovery does not collapse into the same tracks."
opportunity,"""Surprise Me"" Shuffle",183,"[""app_store:ca:14206058762"", ""app_store:us:14239490201"", ""app_store:us:14243234231"", ""app_store:us:14245070721"", ""play_store:3eb2afb4-944b-4b79-8b81-7743825fe2c6""]","Offer a shuffle mode that intentionally explores adjacent genres, eras, and artists while staying relevant to the current listening context."
opportunity,Popularity Filter in Search,73,"[""play_store:c2d7f6b9-9d11-478b-9766-0715d67fccd1"", ""play_store:3a8734fb-62d7-41fe-b7e4-cdaeeb4b3ca8"", ""forum:7403172"", ""app_store:ca:14230616435"", ""play_store:4490778f-f53a-4e54-8f3b-b836983beb12""]","Add popularity controls in search and discovery feeds so users can choose mainstream, niche, or balanced results."
opportunity,Mood-Based Discovery Paths,65,"[""play_store:c73ac1cf-16af-4124-8319-080a57f3f328"", ""app_store:us:14344153373"", ""play_store:aa91c0bd-3fb1-4bd6-bea2-ad5a7d514061"", ""play_store:debafdbe-8ce6-49eb-9322-7d2b58b7253f"", ""play_store:5353fd88-c196-4c18-a616-967138041d00""]","Guide discovery by mood, activity, and listening intent instead of relying only on genre or historical similarity."
opportunity,Exclude Known Artists From Discovery,43,"[""app_store:au:14192687115"", ""app_store:us:14248323610"", ""forum:7494104"", ""play_store:97c8f9a7-afa4-4e25-a112-8d2d336ab320"", ""play_store:ba13bb52-58d2-41be-a6c9-67d789fc9fad""]","Add a discovery filter that suppresses followed, liked, or heavily played artists when the user is explicitly trying to find something new."
opportunity,Monthly Discovery Goals,19,"[""play_store:997f56d6-a7a8-477a-acf4-c061fd87cd61"", ""play_store:0eb0db18-d7d1-4e88-a7ab-d48bea49cfd1"", ""app_store:us:14243792502"", ""play_store:2c690d91-1e17-49ee-8725-f4967e162b08"", ""play_store:68e1af36-5a20-4d50-a118-020d93ddeda8""]",Give users lightweight goals such as finding five new artists or saving ten unfamiliar tracks each month.
repeat_cause,Music Discovery,212,"[""app_store:au:14188660509"", ""app_store:ca:14199280541"", ""app_store:in:14215617005"", ""app_store:gb:14221559832"", ""app_store:ca:14224629134""]",212 reviews mention music discovery as repeat cause feedback.
repeat_cause,"Spotify, Love Spotify, Great",56,"[""app_store:gb:14232129924"", ""app_store:us:14245006458"", ""app_store:us:14247598115"", ""play_store:f2f222cb-b88e-4e28-8c4b-0874fda78d9a"", ""play_store:fdcbcf95-3b6f-4852-9fc7-9a213dfb83b6""]","56 reviews mention spotify, love spotify, great as repeat cause feedback."
repeat_cause,User Interface,47,"[""app_store:au:14193053951"", ""app_store:au:14199072219"", ""app_store:au:14239500265"", ""play_store:582ccf38-37f3-477a-8520-c613441dc979"", ""app_store:us:14240859263""]",47 reviews mention user interface as repeat cause feedback.
repeat_cause,Playlists,36,"[""forum:7460488"", ""forum:7499200"", ""forum:7535373"", ""forum:7544131"", ""forum:7444730""]",36 reviews mention playlists as repeat cause feedback.
repeat_cause,"Ads, Good Ads, Ads Ads",31,"[""play_store:268abe92-d2e5-41f8-a471-c7c7acf07803"", ""play_store:b58cf2b8-95ce-4fd3-ae98-651e3d7fc947"", ""play_store:eb2deac7-e417-4140-9616-4aae0ef2011d"", ""play_store:ee3fa820-2a54-4c99-900d-dd76b974489c"", ""play_store:a4927bcb-e2af-4acd-bdf3-9f79422c265b""]","31 reviews mention ads, good ads, ads ads as repeat cause feedback."
repeat_cause,Algorithm Quality,14,"[""play_store:eff5ccbb-d4a4-4842-bc33-dab162600b45"", ""play_store:d0f675cb-dff9-4965-aad1-30a953154460"", ""play_store:b78bf80d-dcd2-4202-a19b-509c7a223841"", ""app_store:au:14210636156"", ""app_store:us:14240852915""]",14 reviews mention algorithm quality as repeat cause feedback.
repeat_cause,"Love, Love App, Love Spotify",10,"[""play_store:cdc578d5-ab84-40ba-a0b5-ca022a37e261"", ""app_store:gb:14208514856"", ""app_store:gb:14232023584"", ""app_store:us:14238833842"", ""play_store:98a76fc4-c38f-4c23-b3dc-beb15586857a""]","10 reviews mention love, love app, love spotify as repeat cause feedback."
repeat_cause,"Meet Requirements, Requirements, Meet",4,"[""app_store:au:14183582066"", ""play_store:e6809779-57fb-47e5-9f69-78ed8519c2b0"", ""forum:7477647"", ""play_store:ed0c58df-e7e7-4d2e-ad1d-cfc906807ae3""]","4 reviews mention meet requirements, requirements, meet as repeat cause feedback."
repeat_cause,"Best, Best Music, Best App",2,"[""play_store:b71a94cd-190c-47aa-a273-bfce367c55cb"", ""play_store:a61b7e0f-110f-4419-bf20-d5bc0f16bc7e""]","2 reviews mention best, best music, best app as repeat cause feedback."
segment,Unknown,18683,"[""play_store:7a778fc9-9644-4d18-a82b-3a775dbf15a3"", ""play_store:9becd0e7-d755-4e12-bfc3-8033920141e4"", ""play_store:c985560a-33aa-43fe-baf0-3c85306f926a"", ""play_store:57853fc8-80f8-4bda-8b28-e76eb370b24f"", ""play_store:11caa84b-1ccf-434c-9d96-0fce1a299406""]",18683 reviews are associated with the unknown segment.
segment,Premium Users,5265,"[""play_store:b01837bc-7537-4c11-b5e7-4f4566af41b5"", ""play_store:e9014a70-aa98-4651-855a-559b97894ffc"", ""play_store:a3499d27-6426-4a00-b842-b20f21b1cbe7"", ""play_store:30ea2948-bb73-4276-b2f5-2be8f9a6248a"", ""play_store:64fa58dd-f732-4692-9e74-2049d5627bb6""]",5265 reviews are associated with the premium users segment.
segment,Free Users,4273,"[""play_store:b01837bc-7537-4c11-b5e7-4f4566af41b5"", ""play_store:2e4d0374-43ed-4eca-bdd9-67f8adeacd27"", ""play_store:628cd8d2-3b8b-4184-acb0-656b587ba4fd"", ""play_store:30ea2948-bb73-4276-b2f5-2be8f9a6248a"", ""play_store:64fa58dd-f732-4692-9e74-2049d5627bb6""]",4273 reviews are associated with the free users segment.
segment,Playlist Users,2632,"[""play_store:2e4d0374-43ed-4eca-bdd9-67f8adeacd27"", ""play_store:0a7c8972-2002-41f7-858e-3dbd553f6e39"", ""play_store:3e2d9368-0b30-475c-b803-e3f19879e755"", ""play_store:95001a98-ef99-42db-af8d-67821c7d1fab"", ""play_store:86a6e627-17e4-49ad-bea8-7c6b4e5d8295""]",2632 reviews are associated with the playlist users segment.
segment,Podcast Listeners,1777,"[""play_store:c778bb9f-b459-43fc-9794-cded69743847"", ""play_store:50adc5ca-0592-4678-a24a-ff6c5911ecec"", ""play_store:65e5769d-d2cf-4286-9208-ab42beb6cd63"", ""play_store:ce82f546-7df3-4f4e-be0f-d333f1eff37a"", ""play_store:d89fb5d8-778d-4583-b1d6-d7f01d4cc2a6""]",1777 reviews are associated with the podcast listeners segment.
segment,Casual Listeners,638,"[""play_store:473cfaff-e64e-4bc2-a309-66917180a245"", ""play_store:1299c82e-1455-4868-a51b-0662e296a5cf"", ""play_store:f00e4468-44ce-4736-9398-84f7dacf79d8"", ""play_store:ce12029b-87a5-4005-a72d-53e18e16949d"", ""play_store:480b190c-a9f6-4c4a-8798-5c873a20b606""]",638 reviews are associated with the casual listeners segment.
segment,Genre Explorers,336,"[""play_store:d2855494-7a5d-4c19-9b00-958cef7be1cc"", ""play_store:4106f21a-b392-4e35-8735-1c7995b843ac"", ""play_store:0b75b317-3056-484f-8b43-f17f97ea8bd9"", ""play_store:3e98d198-9f82-4631-a95c-08523c120c6e"", ""play_store:e5887c99-4f58-4b32-9c96-817f595454c7""]",336 reviews are associated with the genre explorers segment.
segment,Power Users,236,"[""play_store:a9f3c834-96f1-48c5-8a87-3ae02a520f5b"", ""play_store:7f4392d3-67c4-4627-b547-cdeaf45eba97"", ""play_store:8fb4f7c3-770f-41d2-966b-36b9f7337d83"", ""play_store:fbfe045e-1ad1-43a9-b397-ad39f20e1cff"", ""play_store:a725bb09-35ff-478f-8800-1103f20b066c""]",236 reviews are associated with the power users segment.
segment,New Users,121,"[""play_store:492eba8d-8b8f-48cd-a216-dd614245dc21"", ""play_store:91e7a792-e84e-4e91-a65c-ac9ef9a78300"", ""play_store:15c19f7f-12e0-43db-b834-56bb313023d7"", ""play_store:02399e33-17e5-489d-bac6-bd20f434c246"", ""play_store:d4e8e3a6-9c3c-46b1-a974-5d05e6b9ce58""]",121 reviews are associated with the new users segment.
segment_theme,Unknown - RECOMMENDATION_FRUSTRATIONS,1086,"[""play_store:57853fc8-80f8-4bda-8b28-e76eb370b24f"", ""play_store:8f51855b-90aa-4039-98bb-e8d79c6fe763"", ""play_store:221840a5-15ef-4e9b-b585-25c9932e14b5"", ""play_store:76686d14-c2e7-4355-9908-a3bf0fabd6df"", ""play_store:76650ac5-ab46-488d-9369-9ea672a89a5f""]",1086 unknown reviews map to recommendation_frustrations feedback.
segment_theme,Premium Users - RECOMMENDATION_FRUSTRATIONS,588,"[""play_store:2f1fd29a-1431-4a33-a495-1dfe7ebfdadb"", ""play_store:4d4dc911-39db-4e2c-8c1a-3f1dd9df03de"", ""play_store:eeba6d85-660b-4cfd-b2db-d5c742c46e57"", ""play_store:070f8e99-594b-4a85-9c4e-d02ae9fedcc7"", ""play_store:e9e925d1-ba15-4df8-a1d5-72e92f9c2f02""]",588 premium users reviews map to recommendation_frustrations feedback.
segment_theme,Unknown - LISTENING_GOALS,446,"[""play_store:7ac64898-b3ad-44c7-9019-fd0144040a41"", ""play_store:06e39db6-0a94-4122-817d-b20d270e5868"", ""play_store:77970157-b8e5-4f28-a2f0-2d186b1a8de8"", ""play_store:511fee00-cef0-4b88-9015-ef1d2d45d923"", ""play_store:e65b0e03-50e6-4a14-aa1e-d510c56d7fc3""]",446 unknown reviews map to listening_goals feedback.
segment_theme,Free Users - RECOMMENDATION_FRUSTRATIONS,396,"[""play_store:0394be01-74b2-498e-95a7-9f40f05286d1"", ""play_store:7a2ad49d-94fd-4863-9b0d-f5aa07f8033d"", ""play_store:eeba6d85-660b-4cfd-b2db-d5c742c46e57"", ""play_store:500df40f-af64-4f11-82ce-1b13cdb1039b"", ""play_store:7feb14e2-4b5b-463c-adbc-0a4ae01980cf""]",396 free users reviews map to recommendation_frustrations feedback.
segment_theme,Playlist Users - RECOMMENDATION_FRUSTRATIONS,395,"[""play_store:7a2ad49d-94fd-4863-9b0d-f5aa07f8033d"", ""play_store:d56ef3db-222b-4c29-bdb5-19f1bae63c78"", ""play_store:ddb9c628-2ea8-4ba8-8f31-a8c4a2153e85"", ""play_store:e21f6027-454b-4ee3-b772-4fedcd1651a6"", ""play_store:58c62a7b-a250-4aee-9ea4-07cd87ae8518""]",395 playlist users reviews map to recommendation_frustrations feedback.
segment_theme,Podcast Listeners - RECOMMENDATION_FRUSTRATIONS,265,"[""play_store:c778bb9f-b459-43fc-9794-cded69743847"", ""play_store:69656ffc-b08c-493f-bf0b-5e0185d6f67b"", ""play_store:d649868a-e8e0-461f-83f0-2bcc3e5f64d4"", ""play_store:2ddda4fb-c64f-4ddb-a5de-da0ed5a4a91e"", ""play_store:0691a548-6b4a-4d72-b6f3-a08fb4fff94c""]",265 podcast listeners reviews map to recommendation_frustrations feedback.
segment_theme,Unknown - DISCOVERY_PROBLEMS,215,"[""play_store:a54214ff-f175-4f79-84ea-be4dd802e4ca"", ""play_store:bf15406c-145e-4890-862d-4c8843c4d16f"", ""play_store:8e545b3c-2796-45ac-9b70-98fd9045b598"", ""play_store:ac51b71f-61c2-4854-80f3-13f16beb43fe"", ""play_store:3bc6c693-816d-4118-babe-24484381055c""]",215 unknown reviews map to discovery_problems feedback.
segment_theme,Playlist Users - DISCOVERY_PROBLEMS,213,"[""play_store:0a7c8972-2002-41f7-858e-3dbd553f6e39"", ""play_store:3e2d9368-0b30-475c-b803-e3f19879e755"", ""play_store:d2855494-7a5d-4c19-9b00-958cef7be1cc"", ""play_store:ac52740d-a746-4289-a43c-46db7314c918"", ""play_store:a7501fc8-d846-4bef-b0aa-705c3da6d1d7""]",213 playlist users reviews map to discovery_problems feedback.
segment_theme,Unknown - REPEAT_LISTENING_CAUSES,187,"[""play_store:f28534d8-81de-4c73-b329-1be3dd06a7c6"", ""play_store:8c10e8e3-34d7-4dfd-a73c-9993a8fe91cb"", ""play_store:2c1fdce1-a793-47b7-a091-4c4faa10e7d9"", ""play_store:c932f465-3ed8-4012-ab6b-eb98182f77e5"", ""play_store:d9c9ba87-c873-4a6d-a302-5487d222aa74""]",187 unknown reviews map to repeat_listening_causes feedback.
segment_theme,Premium Users - LISTENING_GOALS,171,"[""play_store:1299c82e-1455-4868-a51b-0662e296a5cf"", ""play_store:1092d049-e152-49d8-9c0f-4be766c96fa5"", ""play_store:e703b1ef-86a1-4385-adfc-4050a8d51afb"", ""play_store:6ef809f8-ada3-4a55-9752-2301065760f7"", ""play_store:bf058956-863e-410a-a51b-b013a5161713""]",171 premium users reviews map to listening_goals feedback.
segment_theme,Free Users - LISTENING_GOALS,147,"[""play_store:1299c82e-1455-4868-a51b-0662e296a5cf"", ""play_store:d89fb5d8-778d-4583-b1d6-d7f01d4cc2a6"", ""play_store:e3bd579c-407e-43ba-8c30-d69c471fd82d"", ""play_store:8389f60a-b615-4166-be37-5e5b5235461b"", ""play_store:58587db9-6b64-46a0-87a8-065a5e34cded""]",147 free users reviews map to listening_goals feedback.
segment_theme,Playlist Users - LISTENING_GOALS,137,"[""play_store:1299c82e-1455-4868-a51b-0662e296a5cf"", ""play_store:2dd2239f-72ae-48e0-bed8-4e5f79b2a062"", ""play_store:57b30c24-e85b-4a24-958c-7104f0a50762"", ""play_store:68724ea6-0f22-451b-9024-5fad10b3bfa1"", ""play_store:0d640f93-b055-427d-8f65-068898256e2d""]",137 playlist users reviews map to listening_goals feedback.
segment_theme,Premium Users - DISCOVERY_PROBLEMS,105,"[""play_store:1e9cf0e9-8a8e-4a10-8153-b609044771ae"", ""play_store:0bc49660-34b1-4134-a606-2f9871073ade"", ""play_store:771a194c-65b4-432f-bf43-c5a3612b43d0"", ""play_store:a379c377-fdf5-4797-b31b-19838ff5c149"", ""play_store:1d18202e-cb2f-4efc-9fe7-7d8e8c0154ea""]",105 premium users reviews map to discovery_problems feedback.
segment_theme,Podcast Listeners - DISCOVERY_PROBLEMS,102,"[""play_store:ce82f546-7df3-4f4e-be0f-d333f1eff37a"", ""play_store:d2855494-7a5d-4c19-9b00-958cef7be1cc"", ""play_store:a7501fc8-d846-4bef-b0aa-705c3da6d1d7"", ""play_store:6331a230-6f1b-4d40-897f-d6288d041af7"", ""play_store:6f745e4b-9719-4bdd-9001-03466bbafe07""]",102 podcast listeners reviews map to discovery_problems feedback.
segment_theme,Premium Users - REPEAT_LISTENING_CAUSES,102,"[""play_store:03660471-bc30-4d19-8ae0-0903a44dbf57"", ""play_store:3af23864-4ee0-4dd6-9112-e723796085bb"", ""play_store:5449e9e7-45b7-4cf9-8cba-717346b38578"", ""play_store:1c391fd7-5fe5-4f87-9d73-d425beb55378"", ""play_store:fdce4070-e365-4ffc-8070-0a84af3fe730""]",102 premium users reviews map to repeat_listening_causes feedback.
segment_theme,Free Users - REPEAT_LISTENING_CAUSES,95,"[""play_store:12afb507-747b-428e-acaf-e8ef39cde392"", ""play_store:2c76e0d5-d8f3-4597-899d-695edbb0f5c0"", ""play_store:fbd5de92-cdf2-4534-b02f-56b8b4f99a92"", ""play_store:02da7e38-4a32-47a1-946e-c450f34fbafb"", ""play_store:2bd318c5-6127-42cb-86e0-7b8dd9e6b7c9""]",95 free users reviews map to repeat_listening_causes feedback.
segment_theme,Casual Listeners - RECOMMENDATION_FRUSTRATIONS,90,"[""play_store:f4da2935-6e48-4c39-a762-56cf5cd32c77"", ""play_store:4676cd7d-dd92-47a6-8ff0-21695446e9c3"", ""play_store:0c5ed9dc-1b10-4a09-b1b7-f9bbcba51435"", ""play_store:071fec4f-2ae4-4d79-a8aa-7e772b43dc7e"", ""play_store:b8b828ac-94e4-4bc6-83f2-f5fa1dbd1796""]",90 casual listeners reviews map to recommendation_frustrations feedback.
segment_theme,Genre Explorers - DISCOVERY_PROBLEMS,89,"[""play_store:d2855494-7a5d-4c19-9b00-958cef7be1cc"", ""play_store:0b75b317-3056-484f-8b43-f17f97ea8bd9"", ""play_store:771a194c-65b4-432f-bf43-c5a3612b43d0"", ""play_store:a9296148-1662-4873-8be8-e8c0e536df6d"", ""play_store:a379c377-fdf5-4797-b31b-19838ff5c149""]",89 genre explorers reviews map to discovery_problems feedback.
segment_theme,Playlist Users - REPEAT_LISTENING_CAUSES,75,"[""play_store:f9d56789-e6a5-4fbf-afa5-c334ad083c3e"", ""play_store:0867bee5-ad7d-4435-a0f9-8639b00b0f88"", ""play_store:1542b101-a79a-4744-80c0-69b916cd795a"", ""play_store:84090c5f-385d-4580-8e15-03fd0df96f5c"", ""play_store:62d8d8f2-28c0-431b-9f14-4f646fc03b24""]",75 playlist users reviews map to repeat_listening_causes feedback.
segment_theme,Podcast Listeners - LISTENING_GOALS,54,"[""play_store:d89fb5d8-778d-4583-b1d6-d7f01d4cc2a6"", ""play_store:e703b1ef-86a1-4385-adfc-4050a8d51afb"", ""play_store:0bfc82f4-333a-462a-b1c0-f78f57f04fdd"", ""play_store:f9ac8c19-eea1-4d41-b4d5-1310129d4f95"", ""play_store:4256e9dd-0a5b-49fb-b155-a114d0c3d3b6""]",54 podcast listeners reviews map to listening_goals feedback.
segment_theme,Free Users - DISCOVERY_PROBLEMS,52,"[""play_store:aaf67be2-d263-4682-805f-5b70f82ac79f"", ""play_store:26f9cc39-24b4-4074-986a-316444eb9354"", ""play_store:56d79390-d23a-48be-a77f-a99aae179b2d"", ""play_store:b25f2404-dd9a-4c04-a516-132579ca9eb2"", ""play_store:e01a27ff-6b22-411a-9622-0fc1597f86c1""]",52 free users reviews map to discovery_problems feedback.
segment_theme,Genre Explorers - RECOMMENDATION_FRUSTRATIONS,52,"[""play_store:e5887c99-4f58-4b32-9c96-817f595454c7"", ""play_store:8bf79060-239d-4262-b127-f1e3a1144d04"", ""play_store:89b1c916-309d-40bc-8ed5-97b12406dd75"", ""app_store:gb:14564695973"", ""play_store:9d8b38f0-09e1-4bdc-ac5e-a67e539e4133""]",52 genre explorers reviews map to recommendation_frustrations feedback.
segment_theme,Casual Listeners - LISTENING_GOALS,49,"[""play_store:1299c82e-1455-4868-a51b-0662e296a5cf"", ""play_store:bf058956-863e-410a-a51b-b013a5161713"", ""play_store:08fe8225-02ea-4f21-9332-2a26abbbcf91"", ""forum:7556693"", ""play_store:686ce4d9-9989-40e1-a8a5-7bd6c3d38f9f""]",49 casual listeners reviews map to listening_goals feedback.
segment_theme,Power Users - RECOMMENDATION_FRUSTRATIONS,36,"[""play_store:8d0df340-afda-40e6-ac39-36caaac3108b"", ""play_store:131a999d-fd6d-4df3-b4af-f48f973292ce"", ""play_store:9fb2fbac-6dea-4903-afd0-6481ae00d9da"", ""play_store:ee2899f1-8dfe-4d8a-ab14-0934ac747d40"", ""play_store:30d51f7e-4698-4d23-aca9-e0addf2a030f""]",36 power users reviews map to recommendation_frustrations feedback.
segment_theme,Podcast Listeners - REPEAT_LISTENING_CAUSES,31,"[""play_store:643c3711-4246-4030-9990-0dd4e2cc5576"", ""play_store:3af23864-4ee0-4dd6-9112-e723796085bb"", ""play_store:825ffa47-8ccd-4459-a5a8-1951726cab37"", ""play_store:c11019f7-7b6b-446b-a93a-e1f741845dd4"", ""play_store:2bd318c5-6127-42cb-86e0-7b8dd9e6b7c9""]",31 podcast listeners reviews map to repeat_listening_causes feedback.
sentiment,positive,18752,"[""play_store:7a778fc9-9644-4d18-a82b-3a775dbf15a3"", ""play_store:9becd0e7-d755-4e12-bfc3-8033920141e4"", ""play_store:3c3c2127-a0ce-49c3-8aad-4a858c1803e0"", ""play_store:7e6019f5-0e8b-4964-8d9d-2d8230018a68"", ""play_store:f47971c7-97ec-4cdb-8614-01fb8cabee61""]",18752 reviews are positive.
sentiment,negative,6247,"[""play_store:57853fc8-80f8-4bda-8b28-e76eb370b24f"", ""play_store:d793c830-8ef0-4774-8846-37815228d894"", ""play_store:2e4d0374-43ed-4eca-bdd9-67f8adeacd27"", ""play_store:0a7c8972-2002-41f7-858e-3dbd553f6e39"", ""play_store:64fa58dd-f732-4692-9e74-2049d5627bb6""]",6247 reviews are negative.
sentiment,neutral,5401,"[""play_store:c985560a-33aa-43fe-baf0-3c85306f926a"", ""play_store:11caa84b-1ccf-434c-9d96-0fce1a299406"", ""play_store:b01837bc-7537-4c11-b5e7-4f4566af41b5"", ""play_store:8c414a31-71d3-41d5-8c71-b86a89496d6c"", ""play_store:abea1e4b-f8e3-4687-91b1-5b8905efe3f1""]",5401 reviews are neutral.
